Position	Ref	Mut	Freq	Prot
2	Q	Q	0.137028	PR
2	Q	Q	0.997564	PR
7	Q	R	0.122534	PR
14	K	K	0.025075	PR
18	Q	H	0.069212	PR
23	L	L	0.03043	PR
25	D	A	0.029833	PR
31	T	T	0.029833	PR
33	L	L	0.029833	PR
35	E	A	0.859189	PR
36	M	K	0.031026	PR
36	M	M	0.851432	PR
37	S	S	0.99284	PR
41	R	R	0.033989	PR
42	W	W	0.034586	PR
51	G	G	0.023124	PR
53	F	L	0.023124	PR
55	K	E	0.022276	PR
61	Q	E	0.023501	PR
63	L	L	0.933496	PR
65	E	V	0.868613	PR
66	I	N	0.040957	PR
67	C	S	0.065693	PR
70	K	E	0.023114	PR
71	A	S	0.022709	PR
71	A	A	0.890511	PR
72	I	I	0.021898	PR
73	G	G	0.022303	PR
76	L	L	0.021898	PR
79	P	T	0.022303	PR
79	P	R	0.022303	PR
81	P	P	0.023916	PR
82	V	V	0.022294	PR
83	N	K	0.0227	PR
84	I	V	0.3227	PR
90	L	F	0.021484	PR
92	Q	H	0.022285	PR
94	G	A	0.069315	PR
2	I	I	0.018256	RT
3	S	I	0.995942	RT
6	E	E	0.926889	RT
8	V	V	0.070069	RT
14	P	P	0.080375	RT
15	G	G	0.085341	RT
21	V	A	0.859477	RT
23	Q	R	0.043767	RT
27	T	T	0.023873	RT
40	E	E	0.99729	RT
40	E	D	0.037263	RT
45	G	E	0.796309	RT
46	K	R	0.7635	RT
54	N	T	0.029474	RT
57	N	T	0.042105	RT
59	P	P	0.038158	RT
68	S	R	0.027632	RT
69	T	A	0.028947	RT
73	K	K	0.027632	RT
74	L	L	0.028947	RT
75	V	G	0.030263	RT
82	K	E	0.919525	RT
86	D	V	0.02381	RT
87	F	F	0.384866	RT
97	P	L	0.086575	RT
112	G	A	0.065166	RT
120	L	F	0.050948	RT
121	D	E	0.943128	RT
142	I	L	0.053318	RT
155	G	G	0.024936	RT
161	Q	R	0.084608	RT
161	Q	H	0.085117	RT
177	D	D	0.050684	RT
178	I	I	0.856057	RT
179	V	A	0.10537	RT
182	Q	R	0.053191	RT
183	Y	F	0.01773	RT
183	Y	*	0.019757	RT
188	Y	S	0.052685	RT
191	S	S	0.02229	RT
196	G	R	0.025342	RT
196	G	E	0.025329	RT
204	E	E	0.999618	RT
206	R	R	0.0466	RT
210	L	M	0.045455	RT
210	L	S	0.045455	RT
211	R	R	0.840336	RT
213	G	G	0.992737	RT
214	L	L	0.094001	RT
215	T	T	0.044326	RT
215	T	S	0.050439	RT
215	T	I	0.050057	RT
217	P	P	0.049675	RT
217	P	R	0.045854	RT
218	D	G	0.042033	RT
231	G	A	0.04233	RT
233	E	G	0.043969	RT
242	Q	E	0.003962	RT
245	V	E	0.060555	RT
246	L	L	0.004527	RT
249	K	R	0.153367	RT
250	D	V	0.06678	RT
254	V	L	0.003962	RT
259	K	K	0.110357	RT
261	V	L	0.007357	RT
262	G	E	0.993775	RT
263	K	R	0.06395	RT
265	N	T	0.010187	RT
269	Q	Q	0.746319	RT
271	Y	F	0.990935	RT
271	Y	*	0.992635	RT
277	R	R	0.802378	RT
282	L	L	0.12422	RT
284	R	R	0.94435	RT
289	L	L	0.748295	RT
292	V	V	0.188744	RT
296	T	T	0.667814	RT
297	E	Q	0.061388	RT
300	E	E	0.409618	RT
302	E	D	0.041836	RT
307	R	R	1.0	RT
308	E	E	0.102524	RT
313	P	R	0.07571	RT
317	V	E	0.099369	RT
322	S	A	0.173502	RT
322	S	*	0.171924	RT
325	L	*	0.09306	RT
327	A	S	0.656151	RT
